[
    {
        "name": "Dream Breaker",
        "type": "toggle",
        "img": "images/icons/icon_attack.png",
        "disabled_img": "images/icons/icon_attack_grey.png",
        "codes": "breaker"
    },
    {
        "name": "Sun Greaves",
        "type": "toggle",
        "img": "images/icons/icon_greaves.png",
        "disabled_img": "images/icons/icon_greaves_grey.png",
        "codes": "greaves"
    },
    {
        "name": "Slide",
        "type": "toggle",
        "img": "images/icons/icon_slide.png",
        "disabled_img": "images/icons/icon_slide_grey.png",
        "codes": "slide"
    },
    {
        "name": "Solar Wind",
        "type": "toggle",
        "img": "images/icons/icon_slideJump.png",
        "disabled_img": "images/icons/icon_slideJump_grey.png",
        "codes": "solar"
    },
    {
        "name": "Sunsetter",
        "type": "toggle",
        "img": "images/icons/icon_plunge.png",
        "disabled_img": "images/icons/icon_plunge_grey.png",
        "codes": "sunsetter"
    },
    {
        "name": "Strikebreak",
        "type": "toggle",
        "img": "images/icons/icon_chargeAttack.png",
        "disabled_img": "images/icons/icon_chargeAttack_grey.png",
        "codes": "strikebreak"
    },
    {
        "name": "Cling Gem",
        "type": "toggle",
        "img": "images/icons/icon_clingGem.png",
        "disabled_img": "images/icons/icon_clingGem_grey.png",
        "codes": "cling"
    },
    {
        "name": "Ascendant Light",
        "type": "toggle",
        "img": "images/icons/icon_Light.png",
        "disabled_img": "images/icons/icon_Light_grey.png",
        "codes": "ascendant"
    },
    {
        "name": "Soul Cutter",
        "type": "toggle",
        "img": "images/icons/icon_Projectile.png",
        "disabled_img": "images/icons/icon_Projectile_grey.png",
        "codes": "cutter"
    },
    {
        "name": "Heliacal Power",
        "type": "toggle",
        "img": "images/icons/icon_HeliacalPower.png",
        "disabled_img": "images/icons/icon_HeliacalPower_grey.png",
        "codes": "heliacal"
    },
    {
        "name": "Small Key",
        "type": "consumable",
        "img": "images/items/Small_Key.png",
        "max_quantity": 7,
        "increment": 1,
        "decrement": 1,
        "initial_quantity": 0,
        "overlay_font_size": 8,
        "codes": "smallkey"
    },
    {
        "name": "Major Key",
        "type": "consumable",
        "img": "images/items/Major_Key.png",
        "max_quantity": 5,
        "increment": 1,
        "decrement": 1,
        "initial_quantity": 0,
        "overlay_font_size": 8,
        "codes": "majorkey"
    },
    {
        "name": "Game Over",
        "type": "toggle",
        "img": "images/items/gameover.png",
        "codes": "gameover"
    },
    // LOGIC
    {
        "name": "Logic Levels",
        "type": "progressive",
        "allow_disabled": false,
        "initial_stage_idx": 0,
        "loop": true,
        "stages": [
            {
                "img": "images/logic_settings/normal.png",
                "codes": "logic,normal",
                "inherit_codes": true
            },
            {
                "img": "images/logic_settings/hard.png",
                "codes": "logic,hard",
                "inherit_codes": true
            },
            {
                "img": "images/logic_settings/expert.png",
                "codes": "logic,expert",
                "inherit_codes": true
            },
            {
                "img": "images/logic_settings/lunatic.png",
                "codes": "logic,lunatic",
                "inherit_codes": true
            }
        ]
    },
    {
        "name": "Obscure Knowledge",
        "type": "toggle",
        "img": "images/logic_settings/obscure.png",
        "codes": "obscure"
    },
    // EXAMPLE CODE
    {
        "name": "Progressive",
        "type": "progressive",
        "allow_disabled": true,
        "initial_stage_idx": 0,
        "stages": [
            {
                "img": "images/items/progressive.png",
                "codes": "progressive",
                "inherit_codes": false
            },
            {
                "img": "images/items/progressive_2.png",
                "codes": "progressive_2",
                "inherit_codes": false
            }
        ]
    },
    {
        "name": "Consumable",
        "type": "consumable",
        "img": "images/items/consumable.png",
        "max_quantity": 8,
        "increment": 1,
        "decrement": 1,
        "initial_quantity": 1,
        "overlay_background": "#000000",
        "overlay_font_size": 8,
        "codes": "consumable"
    },
    {
        "name": "Progressive Toggle",
        "type": "progressive_toggle",
        "initial_stage_idx": 0,
        "stages": [
            {
                "img": "images/items/progressive.png",
                "codes": "progressive_toggle",
                "inherit_codes": false
            },
            {
                "img": "images/items/progressive_2.png",
                "codes": "progressive_toggle_2",
                "inherit_codes": false
            }
        ]
    }
]