[
    {
        "name": "Dream Breaker",
        "type": "toggle",
        "img": "images/items/Dream_Breaker.png",
        "codes": "breaker"
    },
    {
        "name": "Sun Greaves",
        "type": "toggle",
        "img": "images/items/Sun_Greaves.png",
        "codes": "greaves"
    },
    {
        "name": "Slide",
        "type": "toggle",
        "img": "images/items/Slide.png",
        "codes": "slide"
    },
    {
        "name": "Solar Wind",
        "type": "toggle",
        "img": "images/items/Solar_Wind.png",
        "codes": "solar"
    },
    {
        "name": "Sunsetter",
        "type": "toggle",
        "img": "images/items/Sunsetter.png",
        "codes": "sunsetter"
    },
    {
        "name": "Strikebreak",
        "type": "toggle",
        "img": "images/items/Strikebreak.png",
        "codes": "strikebreak"
    },
    {
        "name": "Cling Gem",
        "type": "toggle",
        "img": "images/items/Cling_Gem.png",
        "codes": "cling"
    },
    {
        "name": "Ascendant Light",
        "type": "toggle",
        "img": "images/items/Ascendant_Light.png",
        "codes": "ascendant"
    },
    {
        "name": "Soul Cutter",
        "type": "toggle",
        "img": "images/items/Soul_Cutter.png",
        "codes": "cutter"
    },
    {
        "name": "Heliacal Power",
        "type": "toggle",
        "img": "images/items/Heliacal_Power.png",
        "codes": "heliacal"
    },
    {
        "name": "Small Key",
        "type": "consumable",
        "img": "images/items/Small_Key.png",
        "max_quantity": 7,
        "increment": 1,
        "decrement": 1,
        "initial_quantity": 0,
        "overlay_font_size": 8,
        "codes": "smallkey"
    },
    {
        "name": "Major Key",
        "type": "consumable",
        "img": "images/items/Major_Key.png",
        "max_quantity": 5,
        "increment": 1,
        "decrement": 1,
        "initial_quantity": 0,
        "overlay_font_size": 8,
        "codes": "majorkey"
    },
    {
        "name": "Game Over",
        "type": "toggle",
        "img": "images/items/gameover.png",
        "codes": "gameover"
    },
    // EXAMPLE CODE
    {
        "name": "Progressive",
        "type": "progressive",
        "allow_disabled": true,
        "initial_stage_idx": 0,
        "stages": [
            {
                "img": "images/items/progressive.png",
                "codes": "progressive",
                "inherit_codes": false
            },
            {
                "img": "images/items/progressive_2.png",
                "codes": "progressive_2",
                "inherit_codes": false
            }
        ]
    },
    {
        "name": "Consumable",
        "type": "consumable",
        "img": "images/items/consumable.png",
        "max_quantity": 8,
        "increment": 1,
        "decrement": 1,
        "initial_quantity": 1,
        "overlay_background": "#000000",
        "overlay_font_size": 8,
        "codes": "consumable"
    },
    {
        "name": "Progressive Toggle",
        "type": "progressive_toggle",
        "initial_stage_idx": 0,
        "stages": [
            {
                "img": "images/items/progressive.png",
                "codes": "progressive_toggle",
                "inherit_codes": false
            },
            {
                "img": "images/items/progressive_2.png",
                "codes": "progressive_toggle_2",
                "inherit_codes": false
            }
        ]
    }
]