﻿{
    "tracker_broadcast": {
        "type": "array",
        "orientation": "vertical",
        "margin": "0,0",
        "content": [
            {
                "type": "array",
                "orientation": "vertical",
                "margin": "0,0",
                "content": [
                    {
                        "type": "itemgrid",
                        "item_margin": "5, 7",
                        "item_size": 60,
                        "h_alignment": "left",
                        "rows": [
                            [
                                "breaker",
                                "slide"           
                            ],
                            [
                                "sunsetter",
                                "strikebreak"
                            ],
                            [
                                "greaves",
                                "heliacal"           
                            ],
                            [
                                "cutter",
                                "solar"           
                            ],
                            [
                                "ascendant",
                                "cling"           
                            ],
                            [
                                "smallkey",
                                "majorkey"           
                            ]
                        ]
                    }
                ]
            }
        ]
    }
}