﻿{
    "tracker_default": {
        "type": "container",
        "background": "#000000",
        "content": {
            "type": "dock",
            "dropshadow": true,
            "content": [
                {
                    "type": "dock",
                    "dock": "left",
                    "v_alignment": "stretch",
                    "content": [
                        {
                            "type": "group",
                            "header": "Items",
                            "dock": "top",
                            "content": {
                                "type": "layout",
                                "key": "shared_item_grid"
                            }
                        }
                    ]
                },
                {
                    "type": "tabbed",
                    "tabs": [
                        {
                            //"title": "Full Map",
                            "content": {
                                "type": "map",
                                "maps": [
                                    "full_map"
                                ]
                            }
                        }
                    ]
                }
            ]
        }
    }
}