[
    {
        "name": "Dilapitaded Dungeon",
        "children": [
            {
                "name": "Dream Breaker",
                "access_rules": [],
                "sections": [
                    {
                        "item_count": 1,
                        "chest_opened_img": "images/items/ability.png",
                        "chest_unopened_img": "images/items/ability_gray.png"
                    }
                ],
                "map_locations": [
                    {
                        "map": "full_map",
                        "x": 1457,
                        "y": 1968
                    }
                ]
            },
            {
                "name": "Slide",
                "access_rules": ["breaker"],
                "sections": [
                    {
                        "item_count": 1,
                        "chest_opened_img": "images/items/ability.png",
                        "chest_unopened_img": "images/items/ability_gray.png"
                    }
                ],
                "map_locations": [
                    {
                        "map": "full_map",
                        "x": 467,
                        "y": 2030
                    }
                ]
            },
            {
                "name": "Dark Orbs",
                "access_rules": [
                    "cling,breaker",
                    "$can_bounce,$Getkicks|3,breaker"
                ],
                "sections": [
                    {
                        "item_count": 1,
                        "chest_opened_img": "images/items/aspect.png",
                        "chest_unopened_img": "images/items/aspect_gray.png"
                    }
                ],
                "map_locations": [
                    {
                        "map": "full_map",
                        "x": 408,
                        "y": 2524
                    }
                ]
            },
            {
                "name": "Rafters",
                "access_rules": [
                    "$dungeon_strong_eyes|true,[$dungeon_strong_eyes],cling",
                    "$dungeon_strong_eyes|true,[$dungeon_strong_eyes],$can_slidejump,$Getkicks|3",
                    "$dungeon_strong_eyes|true,[$dungeon_strong_eyes],$Getkicks|3,sunsetter"
                ],
                "sections": [
                    {
                        "item_count": 1,
                        "chest_opened_img": "images/items/Small_Key.png",
                        "chest_unopened_img": "images/items/Small_Key_gray.png"
                    }
                ],
                "map_locations": [
                    {
                        "map": "full_map",
                        "x": 914,
                        "y": 2094
                    }
                ]
            },
            {
                "name": "Strong Eyes",
                "access_rules": ["$dungeon_strong_eyes|true,[$dungeon_strong_eyes]"],
                "sections": [
                    {
                        "item_count": 1,
                        "chest_opened_img": "images/items/Small_Key.png",
                        "chest_unopened_img": "images/items/Small_Key_gray.png"
                    }
                ],
                "map_locations": [
                    {
                        "map": "full_map",
                        "x": 1215,
                        "y": 1771
                    }
                ]
            },
            {
                "name": "Alcove Near Mirror",
                "access_rules": ["breaker"],
                "sections": [
                    {
                        "item_count": 1,
                        "chest_opened_img": "images/items/healthup.png",
                        "chest_unopened_img": "images/items/healthup_gray.png"
                    }
                ],
                "map_locations": [
                    {
                        "map": "full_map",
                        "x": 1222,
                        "y": 2185
                    }
                ]
            },
            {
                "name": "Past Poles",
                "access_rules": [
                    "$dungeon_strong_eyes|true,[$dungeon_strong_eyes],$Getkicks|3",
                    "$dungeon_strong_eyes|true,[$dungeon_strong_eyes],cling"
                ],
                "sections": [
                    {
                        "item_count": 1,
                        "chest_opened_img": "images/items/healthup.png",
                        "chest_unopened_img": "images/items/healthup_gray.png"
                    }
                ],
                "map_locations": [
                    {
                        "map": "full_map",
                        "x": 962,
                        "y": 1847
                    }
                ]
            }
        ]
    },
    {
        "name": "Castle Sansa",
        "access_rules": [
            "$castle_sansa|true, [$castle_sansa]"
    ],
        "children": [
            {
                "name": "Indignation",
                "access_rules": [],
                "sections": [
                    {
                        "item_count": 1,
                        "chest_opened_img": "images/items/ability.png",
                        "chest_unopened_img": "images/items/ability_gray.png"
                    }
                ],
                "map_locations": [
                    {
                        "map": "full_map",
                        "x": 2518,
                        "y": 1897
                    }
                ]
            },
            {
                "name": "Floater In Courtyard",
                "access_rules": [
                    "$Floater_in_courtyard|true, [$Floater_in_courtyard]"
                ],
                "sections": [
                    {
                        "item_count": 1,
                        "chest_opened_img": "images/items/aspect.png",
                        "chest_unopened_img": "images/items/aspect_gray.png"
                    }
                ],
                "map_locations": [
                    {
                        "map": "full_map",
                        "x": 2165,
                        "y": 1758
                    }
                ]
            },
            {
                "name": "Locked Door",
                "access_rules": [
                    "[$has_small_keys],smallkey:1,$Castle_locked_door|true, [$Castle_locked_door]"
                ],
                "sections": [
                    {
                        "item_count": 1,
                        "chest_opened_img": "images/items/aspect.png",
                        "chest_unopened_img": "images/items/aspect_gray.png"
                    }
                ],
                "map_locations": [
                    {
                        "map": "full_map",
                        "x": 2422,
                        "y": 1754
                    }
                ]
            },
            {
                "name": "Platform In Main Halls",
                "access_rules": [
                    "$Castle_platform_main|true, [$Castle_platform_main]"
                ],
                "sections": [
                    {
                        "item_count": 1,
                        "chest_opened_img": "images/items/Small_Key.png",
                        "chest_unopened_img": "images/items/Small_Key_gray.png"
                    }
                ],
                "map_locations": [
                    {
                        "map": "full_map",
                        "x": 2624,
                        "y": 1897
                    }
                ]
            },
            {
                "name": "Tall Room Near Wheel Crawlers",
                "access_rules": [
                    "$Castle_tall_room_wheel_crawlers|true, [$Castle_tall_room_wheel_crawlers]"
                ],
                "sections": [
                    {
                        "item_count": 1,
                        "chest_opened_img": "images/items/Small_Key.png",
                        "chest_unopened_img": "images/items/Small_Key_gray.png"
                    }
                ],
                "map_locations": [
                    {
                        "map": "full_map",
                        "x": 2192,
                        "y": 1408
                    }
                ]
            },
            {
                "name": "Alcove Near Dungeon",
                "access_rules": [
                    "$Castle_alcove_near_dungeon|true, [$Castle_alcove_near_dungeon]"
                ],
                "sections": [
                    {
                        "item_count": 1,
                        "chest_opened_img": "images/items/healthup.png",
                        "chest_unopened_img": "images/items/healthup_gray.png"
                    }
                ],
                "map_locations": [
                    {
                        "map": "full_map",
                        "x": 2377,
                        "y": 2144
                    }
                ]
            },
            {
                "name": "Corner Corridor",
                "access_rules": [
                    "$Castle_corner_corridor|true, [$Castle_corner_corridor]"
                ],
                "sections": [
                    {
                        "item_count": 1,
                        "chest_opened_img": "images/items/healthup.png",
                        "chest_unopened_img": "images/items/healthup_gray.png"
                    }
                ],
                "map_locations": [
                    {
                        "map": "full_map",
                        "x": 2787,
                        "y": 1877
                    }
                ]
            },
            {
                "name": "Wheel Crawlers",
                "access_rules": [
                    "$Castle_wheel_crawler|true, [$Castle_wheel_crawler]"
                ],
                "sections": [
                    {
                        "item_count": 1,
                        "chest_opened_img": "images/items/healthup.png",
                        "chest_unopened_img": "images/items/healthup_gray.png"
                    }
                ],
                "map_locations": [
                    {
                        "map": "full_map",
                        "x": 1925,
                        "y": 1585
                    }
                ]
            },
            {
                "name": "Balcony",
                "access_rules": [
                    "$Castle_balcony|true, [$Castle_balcony]"
                ],
                "sections": [
                    {
                        "item_count": 1,
                        "chest_opened_img": "images/items/healthup.png",
                        "chest_unopened_img": "images/items/healthup_gray.png"
                    }
                ],
                "map_locations": [
                    {
                        "map": "full_map",
                        "x": 3040,
                        "y": 1995
                    }
                ]
            }
        ]
    },
    {
        "name": "Upper Castle Sansa",
        "access_rules": [],
        "children": [
            {
                "name": "High Climb From Courtyard",
                "access_rules": [
                    "$Castle_high_climb, $Castle_courtyard_high_climb|true, [$Castle_courtyard_high_climb]"
                ],
                "sections": [
                    {
                        "item_count": 1,
                        "chest_opened_img": "images/items/aspect.png",
                        "chest_unopened_img": "images/items/aspect_gray.png"
                    }
                ],
                "map_locations": [
                    {
                        "map": "full_map",
                        "x": 2144,
                        "y": 2237
                    }
                ]
            },
            {
                "name": "Alcove Near Scythe Corridor",
                "access_rules": [
                    "$Scythe_corridor, $Castle_alcove_scythe|true, [$Castle_alcove_scythe]"
                ],
                "sections": [
                    {
                        "item_count": 1,
                        "chest_opened_img": "images/items/healthup.png",
                        "chest_unopened_img": "images/items/healthup_gray.png"
                    }
                ],
                "map_locations": [
                    {
                        "map": "full_map",
                        "x": 1899,
                        "y": 2622
                    }
                ]
            },
            {
                "name": "Near Theatre Front",
                "access_rules": [
                    "$Theatre_front, $Castle_theatre_front|true, [$Castle_theatre_front]"
                ],
                "sections": [
                    {
                        "item_count": 1,
                        "chest_opened_img": "images/items/aspect.png",
                        "chest_unopened_img": "images/items/aspect_gray.png"
                    }
                ],
                "map_locations": [
                    {
                        "map": "full_map",
                        "x": 2438,
                        "y": 2718
                    }
                ]
            }
        ]
    },
    {
        "name": "Sansa Keep",
        "access_rules": [],
        "children": [
            {
                "name": "Sunsetter",
                "access_rules": [
                    "$keep_sunsetter,breaker"
                ],
                "sections": [
                    {
                        "item_count": 1,
                        "chest_opened_img": "images/items/ability.png",
                        "chest_unopened_img": "images/items/ability_gray.png"
                    }
                ],
                "map_locations": [
                    {
                        "map": "full_map",
                        "x": 1434,
                        "y": 1078
                    }
                ]
            },
            {
                "name": "Strikebreak",
                "access_rules": [
                    "$keep_main,$can_slidejump",
                    "$keep_main,slide,$Getkicks|1",
                    "$keep_main,slide,cling",
                    "$keep_main,$can_strikebreak,$Getkicks|1",
                    "$keep_main,$can_strikebreak,cling"
                ],
                "sections": [
                    {
                        "item_count": 1,
                        "chest_opened_img": "images/items/ability.png",
                        "chest_unopened_img": "images/items/ability_gray.png"
                    }
                ],
                "map_locations": [
                    {
                        "map": "full_map",
                        "x": 889,
                        "y": 1262
                    }
                ]
            },
            {
                "name": "Near Theatre",
                "access_rules": [
                    "$keep_main,$Kickorplunge|1",
                    "$keep_main,cling"
                ],
                "sections": [
                    {
                        "item_count": 1,
                        "chest_opened_img": "images/items/aspect.png",
                        "chest_unopened_img": "images/items/aspect_gray.png"
                    }
                ],
                "map_locations": [
                    {
                        "map": "full_map",
                        "x": 1471,
                        "y": 1528
                    }
                ]
            },
            {
                "name": "Levers Room",
                "access_rules": [
                    "$keep_main,breaker"
                ],
                "sections": [
                    {
                        "item_count": 1,
                        "chest_opened_img": "images/items/Small_Key.png",
                        "chest_unopened_img": "images/items/Small_Key_gray.png"
                    }
                ],
                "map_locations": [
                    {
                        "map": "full_map",
                        "x": 1263,
                        "y": 784
                    }
                ]
            },
            {
                "name": "Alcove Near Locked Door",
                "access_rules": [
                    "$keep_main,$can_slidejump",
                    "$keep_main,$Getkicks|3",
                    "$keep_main,sunsetter"
                ],
                "sections": [
                    {
                        "item_count": 1,
                        "chest_opened_img": "images/items/healthup.png",
                        "chest_unopened_img": "images/items/healthup_gray.png"
                    }
                ],
                "map_locations": [
                    {
                        "map": "full_map",
                        "x": 1265,
                        "y": 1174
                    }
                ]
            },
            {
                "name": "Major Key",
                "access_rules": [
                    "$keep_main,cling,sunsetter,$can_bounce",
                    "$keep_main,cling,$can_bounce,$Getkicks|3"
                ],
                "sections": [
                    {
                        "item_count": 1,
                        "chest_opened_img": "images/items/Major_Key.png",
                        "chest_unopened_img": "images/items/Major_Key_gray.png"
                    }
                ],
                "map_locations": [
                    {
                        "map": "full_map",
                        "x": 772,
                        "y": 1306
                    }
                ]
            }
        ]
    },
    {
        "name": "Listless Library",
        "access_rules": [],
        "children": [
            {
                "name": "Sun Greaves",
                "access_rules": [
                    "$library_main,slide,breaker",
                    "$library_main,cling,breaker",
                    "$library_main,$Getkicks|4",
                    "$library_main,$can_slidejump"
                ],
                "sections": [
                    {
                        "item_count": 1,
                        "chest_opened_img": "images/items/ability.png",
                        "chest_unopened_img": "images/items/ability_gray.png"
                    }
                ],
                "map_locations": [
                    {
                        "map": "full_map",
                        "x": 1918,
                        "y": 690
                    }
                ]
            },
            {
                "name": "Locked Door Across",
                "access_rules": [
                    "$library_locked,[$has_small_keys],smallkey:1,can_slidejump",
                    "$library_locked,[$has_small_keys],smallkey:1,$Getkicks|1",
                    "$library_locked,[$has_small_keys],smallkey:1,cling"
                ],
                "sections": [
                    {
                        "item_count": 1
                    }
                ],
                "map_locations": [
                    {
                        "map": "full_map",
                        "x": 2929,
                        "y": 940
                    }
                ]
            },
            {
                "name": "Upper Back",
                "access_rules": [
                    "$library_main,$Getkicks|3",
                    "$library_main,cling"
                ],
                "sections": [
                    {
                        "item_count": 1,
                        "chest_opened_img": "images/items/healthup.png",
                        "chest_unopened_img": "images/items/healthup_gray.png"
                    }
                ],
                "map_locations": [
                    {
                        "map": "full_map",
                        "x": 2677,
                        "y": 384
                    }
                ]
            },
            {
                "name": "Locked Door Left",
                "access_rules": [
                    "$library_locked,[$has_small_keys],smallkey:1,$Getkicks|3",
                    "$library_locked,[$has_small_keys],smallkey:1,cling"
                ],
                "sections": [
                    {
                        "item_count": 1,
                        "chest_opened_img": "images/items/healthup.png",
                        "chest_unopened_img": "images/items/healthup_gray.png"
                    }
                ],
                "map_locations": [
                    {
                        "map": "full_map",
                        "x": 2815,
                        "y": 807
                    }
                ]
            }
        ]
    },
    {
        "name": "Twilight Theatre",
        "access_rules": [],
        "children": [
            {
                "name": "Soul Cutter",
                "access_rules": [
                    "$theatre_main,$can_strikebreak"
                ],
                "sections": [
                    {
                        "item_count": 1,
                        "chest_opened_img": "images/items/ability.png",
                        "chest_unopened_img": "images/items/ability_gray.png"
                    }
                ],
                "map_locations": [
                    {
                        "map": "full_map",
                        "x": 4058,
                        "y": 4213
                    }
                ]
            },
            {
                "name": "Corner Beam",
                "access_rules": [
                    "$theatre_pillar,cling,$Getkicks|3",
                    "$theatre_pillar,cling,$can_slidejump",
                    "$theatre_pillar,$can_slidejump,$Getkicks|3"
                ],
                "sections": [
                    {
                        "item_count": 1,
                        "chest_opened_img": "images/items/aspect.png",
                        "chest_unopened_img": "images/items/aspect_gray.png"
                    }
                ],
                "map_locations": [
                    {
                        "map": "full_map",
                        "x": 3646,
                        "y": 2913
                    }
                ]
            },
            {
                "name": "Locked Door",
                "access_rules": [
                    "$theatre_main,[$has_small_keys],smallkey:1,cling",
                    "$theatre_main,[$has_small_keys],smallkey:1,$Getkicks|3"
                ],
                "sections": [
                    {
                        "item_count": 1,
                        "chest_opened_img": "images/items/aspect.png",
                        "chest_unopened_img": "images/items/aspect_gray.png"
                    }
                ],
                "map_locations": [
                    {
                        "map": "full_map",
                        "x": 4168,
                        "y": 3643
                    }
                ]
            },
            {
                "name": "Murderous Goat",
                "access_rules": [
                    "$theatre_main"
                ],
                "sections": [
                    {
                        "item_count": 1,
                        "chest_opened_img": "images/items/healthup.png",
                        "chest_unopened_img": "images/items/healthup_gray.png"
                    }
                ],
                "map_locations": [
                    {
                        "map": "full_map",
                        "x": 4529,
                        "y": 3150
                    }
                ]
            },
            {
                "name": "Back Of Auditorium",
                "access_rules": [
                    "$theatre_main,$Getkicks|3",
                    "$theatre_main,cling"
                ],
                "sections": [
                    {
                        "item_count": 1,
                        "chest_opened_img": "images/items/healthup.png",
                        "chest_unopened_img": "images/items/healthup_gray.png"
                    }
                ],
                "map_locations": [
                    {
                        "map": "full_map",
                        "x": 3931,
                        "y": 3638
                    }
                ]
            },
            {
                "name": "Major Key",
                "access_rules": [
                    "$theatre_main,$can_soulcutter,cling,$can_slidejump",
                    "$theatre_main,$can_soulcutter,cling,$Getkicks|1"
                ],
                "sections": [
                    {
                        "item_count": 1,
                        "chest_opened_img": "images/items/Major_Key.png",
                        "chest_unopened_img": "images/items/Major_Key_gray.png"
                    }
                ],
                "map_locations": [
                    {
                        "map": "full_map",
                        "x": 3927,
                        "y": 4011
                    }
                ]
            }
        ]
    },
    {
        "name": "Empty Bailey",
        "access_rules": ["$empty_bailey"],
        "children": [
            {
                "name": "Solar Wind",
                "access_rules": [
                    "slide"
                ],
                "sections": [
                    {
                        "item_count": 1,
                        "chest_opened_img": "images/items/ability.png",
                        "chest_unopened_img": "images/items/ability_gray.png"
                    }
                ],
                "map_locations": [
                    {
                        "map": "full_map",
                        "x": 3109,
                        "y": 2525
                    }
                ]
            },
            {
                "name": "Cheese Bell",
                "access_rules": [
                    "$can_slidejump,sunsetter,$Getkicks|1",
                    "$can_slidejump,cling",
                    "sunsetter,$Getkicks|3"
                ],
                "sections": [
                    {
                        "item_count": 1,
                        "chest_opened_img": "images/items/aspect.png",
                        "chest_unopened_img": "images/items/aspect_gray.png"
                    }
                ],
                "map_locations": [
                    {
                        "map": "full_map",
                        "x": 3622,
                        "y": 2264
                    }
                ]
            },
            {
                "name": "Inside Building",
                "access_rules": [
                    "slide"
                ],
                "sections": [
                    {
                        "item_count": 1,
                        "chest_opened_img": "images/items/Small_Key.png",
                        "chest_unopened_img": "images/items/Small_Key_gray.png"
                    }
                ],
                "map_locations": [
                    {
                        "map": "full_map",
                        "x": 3428,
                        "y": 2165
                    }
                ]
            },
            {
                "name": "Center Steeple",
                "access_rules": [
                    "$Getkicks|3",
                    "sunsetter,slide"
                ],
                "sections": [
                    {
                        "item_count": 1,
                        "chest_opened_img": "images/items/healthup.png",
                        "chest_unopened_img": "images/items/healthup_gray.png"
                    }
                ],
                "map_locations": [
                    {
                        "map": "full_map",
                        "x": 3535,
                        "y": 2264
                    }
                ]
            },
            {
                "name": "Major Key",
                "access_rules": [
                    "sunsetter",
                    "cling",
                    "$Getkicks|3"
                ],
                "sections": [
                    {
                        "item_count": 1,
                        "chest_opened_img": "images/items/Major_Key.png",
                        "chest_unopened_img": "images/items/Major_Key_gray.png"
                    }
                ],
                "map_locations": [
                    {
                        "map": "full_map",
                        "x": 3169,
                        "y": 2236
                    }
                ]
            }
        ]
    },
    {
        "name": "Underbelly",
        "access_rules": [],
        "children": [
            {
                "name": "Ascendant Light",
                "access_rules": [
                    "$underbelly_main"
                ],
                "sections": [
                    {
                        "item_count": 1,
                        "chest_opened_img": "images/items/ability.png",
                        "chest_unopened_img": "images/items/ability_gray.png"
                    }
                ],
                "map_locations": [
                    {
                        "map": "full_map",
                        "x": 2997,
                        "y": 4461
                    }
                ]
            },
            {
                "name": "Locked Door",
                "access_rules": [
                    "$underbelly_main,[$has_small_keys],smallkey:1,slide,$Getkicks|3",
                    "$underbelly_main,[$has_small_keys],smallkey:1,slide,sunsetter"
                ],
                "sections": [
                    {
                        "item_count": 1,
                        "chest_opened_img": "images/items/aspect.png",
                        "chest_unopened_img": "images/items/aspect_gray.png"
                    }
                ],
                "map_locations": [
                    {
                        "map": "full_map",
                        "x": 1108,
                        "y": 4243
                    }
                ]
            },
            {
                "name": "Strikebreak Wall",
                "access_rules": [
                    "$underbelly_main,$can_strikebreak,$can_bounce,$can_slidejump",
                    "$underbelly_main,$can_strikebreak,$can_bounce,$Kickorplunge|1"
                ],
                "sections": [
                    {
                        "item_count": 1,
                        "chest_opened_img": "images/items/aspect.png",
                        "chest_unopened_img": "images/items/aspect_gray.png"
                    }
                ],
                "map_locations": [
                    {
                        "map": "full_map",
                        "x": 1612,
                        "y": 4158
                    }
                ]
            },
            {
                "name": "Main Room",
                "access_rules": [
                    "$underbelly_main,sunsetter",
                    "$underbelly_main,$can_slidejump"
                ],
                "sections": [
                    {
                        "item_count": 1,
                        "chest_opened_img": "images/items/Small_Key.png",
                        "chest_unopened_img": "images/items/Small_Key_gray.png"
                    }
                ],
                "map_locations": [
                    {
                        "map": "full_map",
                        "x": 2461,
                        "y": 3643
                    }
                ]
            },
            {
                "name": "Rafters Near Keep",
                "access_rules": [
                    "$underbelly_hole,$Getkicks|3",
                    "$underbelly_hole,sunsetter"
                ],
                "sections": [
                    {
                        "item_count": 1,
                        "chest_opened_img": "images/items/healthup.png",
                        "chest_unopened_img": "images/items/healthup_gray.png"
                    }
                ],
                "map_locations": [
                    {
                        "map": "full_map",
                        "x": 1072,
                        "y": 3580
                    }
                ]
            },
            {
                "name": "Building Near Little Guy",
                "access_rules": [
                    "$underbelly_main,$Getkicks|3",
                    "$underbelly_main,sunsetter"
                ],
                "sections": [
                    {
                        "item_count": 1,
                        "chest_opened_img": "images/items/healthup.png",
                        "chest_unopened_img": "images/items/healthup_gray.png"
                    }
                ],
                "map_locations": [
                    {
                        "map": "full_map",
                        "x": 2811,
                        "y": 3298
                    }
                ]
            },
            {
                "name": "Alcove Near Light",
                "access_rules": [
                    "$underbelly_main"
                ],
                "sections": [
                    {
                        "item_count": 1,
                        "chest_opened_img": "images/items/healthup.png",
                        "chest_unopened_img": "images/items/healthup_gray.png"
                    }
                ],
                "map_locations": [
                    {
                        "map": "full_map",
                        "x": 2892,
                        "y": 4250
                    }
                ]
            },
            {
                "name": "Major Key",
                "access_rules": [
                    "$underbelly_hole,sunsetter,$can_soulcutter,$can_bounce",
                    "$underbelly_hole,sunsetter,$can_soulcutter,cling",
                    "$underbelly_hole,sunsetter,$can_slidejump,$Getkicks|3"
                ],
                "sections": [
                    {
                        "item_count": 1,
                        "chest_opened_img": "images/items/Major_Key.png",
                        "chest_unopened_img": "images/items/Major_Key_gray.png"
                    }
                ],
                "map_locations": [
                    {
                        "map": "full_map",
                        "x": 311,
                        "y": 3183
                    }
                ]
            }
        ]
    },
    {
        "name": "Tower Remains",
        "access_rules": ["$tower_remains"],
        "children": [
            {
                "name": "Cling Gem",
                "access_rules": [
                    "$Getkicks|3"
                ],
                "sections": [
                    {
                        "item_count": 1,
                        "chest_opened_img": "images/items/ability.png",
                        "chest_unopened_img": "images/items/ability_gray.png"
                    }
                ],
                "map_locations": [
                    {
                        "map": "full_map",
                        "x": 4101,
                        "y": 1123
                    }
                ]
            },
            {
                "name": "Major Key",
                "access_rules": [
                    "cling,$Getkicks|3"
                ],
                "sections": [
                    {
                        "item_count": 1,
                        "chest_opened_img": "images/items/Major_Key.png",
                        "chest_unopened_img": "images/items/Major_Key_gray.png"
                    }
                ],
                "map_locations": [
                    {
                        "map": "full_map",
                        "x": 4101,
                        "y": 885
                    }
                ]
            }
        ]
    },
    {
        "name": "Distorted Memory",
        "access_rules": ["$the_great_door"],
        "children": [
            {
                "name": "D S T RT ED M M O   Y",
                "access_rules": [
                    "majorkey:5"
                ],
                "sections": [
                    {
                        "name": "Beat the Game!!",
                        "hosted_item": "gameover"
                    }
                ],
                "map_locations": [
                    {
                        "map": "full_map",
                        "x": 3407,
                        "y": 517,
                        "size": 150,
                        "border_thickness": 25
                    }
                ]
            }
        ]
    }
]